{
    "pt3l": {
        "syscovdown": {
            "r_TTW_pt3l_bin3": {
                "r_TTW_pt3l_bin3": -0.12497881183912529, 
                "r_TTW_pt3l_bin2": 0.04759362016815349, 
                "r_TTW_pt3l_bin1": 0.061580838092804735, 
                "r_TTW_pt3l_bin0": 0.06837025088308442
            }, 
            "r_TTW_pt3l_bin2": {
                "r_TTW_pt3l_bin3": 0.04759362016815349, 
                "r_TTW_pt3l_bin2": 0.0016468700231996036, 
                "r_TTW_pt3l_bin1": 0.00903053815471042, 
                "r_TTW_pt3l_bin0": 0.011884041163209829
            }, 
            "r_TTW_pt3l_bin1": {
                "r_TTW_pt3l_bin3": 0.061580838092804735, 
                "r_TTW_pt3l_bin2": 0.00903053815471042, 
                "r_TTW_pt3l_bin1": 0.014985515573905886, 
                "r_TTW_pt3l_bin0": 0.024886936194993152
            }, 
            "r_TTW_pt3l_bin0": {
                "r_TTW_pt3l_bin3": 0.06837025088308442, 
                "r_TTW_pt3l_bin2": 0.011884041163209829, 
                "r_TTW_pt3l_bin1": 0.024886936194993152, 
                "r_TTW_pt3l_bin0": 0.04492760507530946
            }
        }, 
        "statcovup": {
            "r_TTW_pt3l_bin3": {
                "r_TTW_pt3l_bin3": 5.31997264357458, 
                "r_TTW_pt3l_bin2": -0.03996855852565536, 
                "r_TTW_pt3l_bin1": -0.0020618464453404962, 
                "r_TTW_pt3l_bin0": 0.014481406869099836
            }, 
            "r_TTW_pt3l_bin2": {
                "r_TTW_pt3l_bin3": -0.03996855852565536, 
                "r_TTW_pt3l_bin2": 0.15174172957796409, 
                "r_TTW_pt3l_bin1": -0.0037794049511549405, 
                "r_TTW_pt3l_bin0": -0.0029217332605122066
            }, 
            "r_TTW_pt3l_bin1": {
                "r_TTW_pt3l_bin3": -0.0020618464453404962, 
                "r_TTW_pt3l_bin2": -0.0037794049511549405, 
                "r_TTW_pt3l_bin1": 0.10993262053138815, 
                "r_TTW_pt3l_bin0": -0.007888427127961074
            }, 
            "r_TTW_pt3l_bin0": {
                "r_TTW_pt3l_bin3": 0.014481406869099836, 
                "r_TTW_pt3l_bin2": -0.0029217332605122066, 
                "r_TTW_pt3l_bin1": -0.007888427127961074, 
                "r_TTW_pt3l_bin0": 0.26121420030933484
            }
        }, 
        "pois": {
            "r_TTW_pt3l_bin3": [
                2.032547684768118, 
                2.3921638816891004, 
                -2.142074361395406, 
                2.417958541433083, 
                -2.174875562877377
            ], 
            "r_TTW_pt3l_bin2": [
                0.5198534810455229, 
                0.3914572588928955, 
                -0.3914572588928955, 
                0.38935633661127733, 
                -0.38935633661127733
            ], 
            "r_TTW_pt3l_bin1": [
                1.6083111631438038, 
                0.3533049208137893, 
                -0.3533049208137893, 
                0.33145240399666775, 
                -0.33145240399666775
            ], 
            "r_TTW_pt3l_bin0": [
                0.40030723012684355, 
                0.5527564139726442, 
                -0.5527564139726442, 
                0.5106762908721452, 
                -0.5106762908721452
            ]
        }, 
        "syscovup": {
            "r_TTW_pt3l_bin3": {
                "r_TTW_pt3l_bin3": -0.12497881183912529, 
                "r_TTW_pt3l_bin2": 0.04759362016815349, 
                "r_TTW_pt3l_bin1": 0.061580838092804735, 
                "r_TTW_pt3l_bin0": 0.06837025088308442
            }, 
            "r_TTW_pt3l_bin2": {
                "r_TTW_pt3l_bin3": 0.04759362016815349, 
                "r_TTW_pt3l_bin2": 0.0016468700231996036, 
                "r_TTW_pt3l_bin1": 0.00903053815471042, 
                "r_TTW_pt3l_bin0": 0.011884041163209829
            }, 
            "r_TTW_pt3l_bin1": {
                "r_TTW_pt3l_bin3": 0.061580838092804735, 
                "r_TTW_pt3l_bin2": 0.00903053815471042, 
                "r_TTW_pt3l_bin1": 0.014985515573905886, 
                "r_TTW_pt3l_bin0": 0.024886936194993152
            }, 
            "r_TTW_pt3l_bin0": {
                "r_TTW_pt3l_bin3": 0.06837025088308442, 
                "r_TTW_pt3l_bin2": 0.011884041163209829, 
                "r_TTW_pt3l_bin1": 0.024886936194993152, 
                "r_TTW_pt3l_bin0": 0.04492760507530946
            }
        }, 
        "statcovdown": {
            "r_TTW_pt3l_bin3": {
                "r_TTW_pt3l_bin3": 5.31997264357458, 
                "r_TTW_pt3l_bin2": -0.03996855852565536, 
                "r_TTW_pt3l_bin1": -0.0020618464453404962, 
                "r_TTW_pt3l_bin0": 0.014481406869099836
            }, 
            "r_TTW_pt3l_bin2": {
                "r_TTW_pt3l_bin3": -0.03996855852565536, 
                "r_TTW_pt3l_bin2": 0.15174172957796409, 
                "r_TTW_pt3l_bin1": -0.0037794049511549405, 
                "r_TTW_pt3l_bin0": -0.0029217332605122066
            }, 
            "r_TTW_pt3l_bin1": {
                "r_TTW_pt3l_bin3": -0.0020618464453404962, 
                "r_TTW_pt3l_bin2": -0.0037794049511549405, 
                "r_TTW_pt3l_bin1": 0.10993262053138815, 
                "r_TTW_pt3l_bin0": -0.007888427127961074
            }, 
            "r_TTW_pt3l_bin0": {
                "r_TTW_pt3l_bin3": 0.014481406869099836, 
                "r_TTW_pt3l_bin2": -0.0029217332605122066, 
                "r_TTW_pt3l_bin1": -0.007888427127961074, 
                "r_TTW_pt3l_bin0": 0.26121420030933484
            }
        }
    }, 
        "HT": {
        "syscovdown": {
            "r_TTW_HT_bin2": {
                "r_TTW_HT_bin2": 0.04301575489562104,
                "r_TTW_HT_bin3": 0.02449206186592437,
                "r_TTW_HT_bin0": 0.02354470469587927,
                "r_TTW_HT_bin1": -0.016709541776408765
            },
            "r_TTW_HT_bin3": {
                "r_TTW_HT_bin2": 0.02449206186592437,
                "r_TTW_HT_bin3": 0.29600885257500975,
                "r_TTW_HT_bin0": 0.07414607054109625,
                "r_TTW_HT_bin1": 0.027110341583574497
            },
            "r_TTW_HT_bin0": {
                "r_TTW_HT_bin2": 0.02354470469587927,
                "r_TTW_HT_bin3": 0.07414607054109625,
                "r_TTW_HT_bin0": 0.06929750867675505,
                "r_TTW_HT_bin1": 0.009802133577324013
            },
            "r_TTW_HT_bin1": {
                "r_TTW_HT_bin2": -0.016709541776408765,
                "r_TTW_HT_bin3": 0.027110341583574497,
                "r_TTW_HT_bin0": 0.009802133577324013,
                "r_TTW_HT_bin1": 0.04445337121564985
            }
        },
        "statcovup": {
            "r_TTW_HT_bin2": {
                "r_TTW_HT_bin2": 0.799114165648975,
                "r_TTW_HT_bin3": -0.187811093780611,
                "r_TTW_HT_bin0": 0.0862380577186556,
                "r_TTW_HT_bin1": -0.39031643586869047
            },
            "r_TTW_HT_bin3": {
                "r_TTW_HT_bin2": -0.187811093780611,
                "r_TTW_HT_bin3": 1.3722688005910153,
                "r_TTW_HT_bin0": -0.004877995589301958,
                "r_TTW_HT_bin1": 0.05304146329711051
            },
            "r_TTW_HT_bin0": {
                "r_TTW_HT_bin2": 0.0862380577186556,
                "r_TTW_HT_bin3": -0.004877995589301958,
                "r_TTW_HT_bin0": 0.25956027815409405,
                "r_TTW_HT_bin1": -0.16810087876524865
            },
            "r_TTW_HT_bin1": {
                "r_TTW_HT_bin2": -0.39031643586869047,
                "r_TTW_HT_bin3": 0.05304146329711051,
                "r_TTW_HT_bin0": -0.16810087876524865,
                "r_TTW_HT_bin1": 0.6141834224786566
            }
        },