{
  "TTW2016PreVFP": 0.2316,
  "TTW2016PostVFP": 0.2316,
  "TTW2017": 0.2316,
  "TTW2018": 0.2316,
  "TTWFxFx2016PreVFP": 0.2316,
  "TTWFxFx2016PostVFP": 0.2316,
  "TTWFxFx2017": 0.2316,
  "TTWFxFx2018": 0.2316,
  "TTWEWK2016PreVFP": 0.01127,
  "TTWEWK2016PostVFP": 0.01127,
  "TTWEWK2017": 0.01127,
  "TTWEWK2018": 0.01127,

  "TTW": 0.2316,
  "TTWQCD": 0.2316,
  "TTWFxFx": 0.2316,
  "TTWEWK": 0.01127,

  "TTW2018EFTsm": 0.2316,
  "TTW2018EFTScaledsm": 0.2316,
  "TTW2018EFTcQq81": 0.2316,
  "TTW2018EFTScaledcQq81": 0.2316,
  "TTW2018EFTcQq83": 0.2316,
  "TTW2018EFTScaledcQq83": 0.2316,
  "TTW2018EFTctq1": 0.2316,
  "TTW2018EFTScaledctq1": 0.2316,
  "TTW2018EFTctq8": 0.2316,
  "TTW2018EFTScaledctq8": 0.2316,
  "TTW2018EFTcpQ3": 0.2316,
  "TTW2018EFTScaledcpQ3": 0.2316,
  "TTW2018EFTctG": 0.2316,
  "TTW2018EFTScaledctG": 0.2316,
  "TTW2018EFTctW": 0.2316,
  "TTW2018EFTScaledctW": 0.2316
}
